{
  "bm_menu_btn_enchant_armor_name_id": "Enchanting",
  "bm_menu_enchant_armor_name_id": "Enchanting Armor",
  "bm_menu_enchant_armor_desc_id": "Do you want to enchanting your 'Improved Combined Tactical Vest' randomly?",
  "bm_menu_enchant_armor_no_coins": "Not enough coins.",
  "ee_armor_p_recovery_rate_name_id": "Recovery Rate",
  "ee_armor_p_recovery_rate_desc_id": "Increases armor recovery rate by $$var$$%",
  "ee_armor_p_shorten_recovery_rate": "Recovery",
  "ee_armor_p_more_armor_name_id": "Addition Armor",
  "ee_armor_p_more_armor_desc_id": "Total armor is increased by $$var$$%",
  "ee_armor_p_shorten_more_armor": "Armor",
  "ee_armor_p_add_dodge_name_id": "Addition Dodge",
  "ee_armor_p_add_dodge_desc_id": "Gain addition dodge by $$var$$%",
  "ee_armor_p_shorten_add_dodge": "Dodge",
  "ee_armor_p_add_stamina_name_id": "Addition Stamina",
  "ee_armor_p_add_stamina_desc_id": "Gain addition stamina by $$var$$%",
  "ee_armor_p_shorten_add_stamina": "Stamina",
  "ee_armor_p_add_speed_name_id": "Movement Speed",
  "ee_armor_p_add_speed_desc_id": "Gain movement speed by $$var$$%",
  "ee_armor_p_shorten_add_speed": "Speed",
  "ee_armor_p_sp_thorns_name_id": "Damage Reflection",
  "ee_armor_p_sp_thorns_desc_id": "Reflect $$var$$% damage to attackers.",
  "ee_armor_p_shorten_sp_thorns": "Thorns",
  "ee_armor_p_sp_protection_name_id": "Damage Resistance",
  "ee_armor_p_sp_protection_desc_id": "Increases armor resistance by $$var$$%",
  "ee_armor_p_shorten_sp_protection": "Protection",
  "ee_armor_p_sp_shockproof_name_id": "Shockproof",
  "ee_armor_p_sp_shockproof_desc_id": "When tased, backfire on the Taser",
  "ee_armor_p_shorten_sp_shockproof": "Shock"
}