<table name="Dr_Newbie Payday Gang Enemies Package">
	<AssetUpdates id="Dr_Newbie Payday Gang Enemies Package" version="40">
        <custom_provider version_api_url="https://drnewbie.github.io/Mess/UpdateProvider/Dr_Newbie%20Payday%20Gang%20Enemies%20Package.txt" download_url="https://drnewbie.github.io/Mess/UpdateProvider/Dr_Newbie%20Payday%20Gang%20Enemies%20Package.zip"/>
    </AssetUpdates>
	<AddFiles directory="Assets">
		<unit path="units/payday2/characters/ene_swat_1/ene_swat_1" force="true" reload="true"/>
		<unit path="units/payday2/characters/ene_swat_1/ene_swat_1_husk" force="true" reload="true"/>
		<model path="units/payday2/characters/ene_swat_1/ene_swat_1" force="true" reload="true"/>
		<object path="units/payday2/characters/ene_swat_1/ene_swat_1" force="true" reload="true"/>
		
		<unit path="units/payday2/characters/ene_sm_heavy_g36/ene_sm_heavy_g36" force="true" reload="true"/>
		<unit path="units/payday2/characters/ene_sm_heavy_g36/ene_sm_heavy_g36_husk" force="true" reload="true"/>

		<unit path="units/payday2/characters/ene_sm_heavy_r870/ene_sm_heavy_r870" force="true" reload="true"/>
		<unit path="units/payday2/characters/ene_sm_heavy_r870/ene_sm_heavy_r870_husk" force="true" reload="true"/>

		<unit path="units/payday2/characters/ene_sm_swat_1/ene_sm_swat_1" force="true" reload="true"/>
		<unit path="units/payday2/characters/ene_sm_swat_1/ene_sm_swat_1_husk" force="true" reload="true"/>
		
		<unit path="units/payday2/characters/ene_swat_heavy_1/ene_swat_heavy_1" force="true" reload="true"/>
		<unit path="units/payday2/characters/ene_swat_heavy_1/ene_swat_heavy_1_husk" force="true" reload="true"/>

		<unit path="units/payday2/characters/ene_swat_heavy_r870/ene_swat_heavy_r870" force="true" reload="true"/>
		<unit path="units/payday2/characters/ene_swat_heavy_r870/ene_swat_heavy_r870_husk" force="true" reload="true"/>

		<unit path="units/payday2/characters/ene_swat_2/ene_swat_2" force="true" reload="true"/>
		<unit path="units/payday2/characters/ene_swat_2/ene_swat_2_husk" force="true" reload="true"/>

		<unit path="units/payday2/characters/ene_fbi_swat_1/ene_fbi_swat_1" force="true" reload="true"/>
		<unit path="units/payday2/characters/ene_fbi_swat_1/ene_fbi_swat_1_husk" force="true" reload="true"/>

		<unit path="units/payday2/characters/ene_fbi_swat_2/ene_fbi_swat_2" force="true" reload="true"/>
		<unit path="units/payday2/characters/ene_fbi_swat_2/ene_fbi_swat_2_husk" force="true" reload="true"/>

		<unit path="units/payday2/characters/ene_city_swat_1/ene_city_swat_1" force="true" reload="true"/>
		<unit path="units/payday2/characters/ene_city_swat_1/ene_city_swat_1_husk" force="true" reload="true"/>

		<unit path="units/payday2/characters/ene_city_swat_r870/ene_city_swat_r870" force="true" reload="true"/>
		<unit path="units/payday2/characters/ene_city_swat_r870/ene_city_swat_r870_husk" force="true" reload="true"/>

		<unit path="units/payday2/characters/ene_city_swat_2/ene_city_swat_2" force="true" reload="true"/>
		<unit path="units/payday2/characters/ene_city_swat_2/ene_city_swat_2_husk" force="true" reload="true"/>

		<unit path="units/payday2/characters/ene_city_swat_3/ene_city_swat_3" force="true" reload="true"/>
		<unit path="units/payday2/characters/ene_city_swat_3/ene_city_swat_3_husk" force="true" reload="true"/>

		<unit path="units/payday2/characters/ene_shield_1/ene_shield_1" force="true" reload="true"/>
		<unit path="units/payday2/characters/ene_shield_1/ene_shield_1_husk" force="true" reload="true"/>

		<unit path="units/payday2/characters/ene_shield_2/ene_shield_2" force="true" reload="true"/>
		<unit path="units/payday2/characters/ene_shield_2/ene_shield_2_husk" force="true" reload="true"/>

		<unit path="units/pd2_dlc_gitgud/characters/ene_zeal_swat_shield/ene_zeal_swat_shield" force="true" reload="true"/>
		<unit path="units/pd2_dlc_gitgud/characters/ene_zeal_swat_shield/ene_zeal_swat_shield_husk" force="true" reload="true"/>

		<unit path="units/payday2/characters/ene_fbi_heavy_1/ene_fbi_heavy_1" force="true" reload="true"/>
		<unit path="units/payday2/characters/ene_fbi_heavy_1/ene_fbi_heavy_1_husk" force="true" reload="true"/>
		<model path="units/payday2/characters/ene_fbi_heavy_1/ene_fbi_heavy_1" force="true" reload="true"/>
		<object path="units/payday2/characters/ene_fbi_heavy_1/ene_fbi_heavy_1" force="true" reload="true"/>

		<unit path="units/pd2_dlc_gitgud/characters/ene_zeal_swat/ene_zeal_swat" force="true" reload="true"/>
		<unit path="units/pd2_dlc_gitgud/characters/ene_zeal_swat/ene_zeal_swat_husk" force="true" reload="true"/>

		<unit path="units/payday2/characters/ene_sm_swat_1/ene_sm_swat_1" force="true" reload="true"/>
		<unit path="units/payday2/characters/ene_sm_swat_1/ene_sm_swat_1_husk" force="true" reload="true"/>
		
		<unit path="units/payday2/characters/ene_sm_shield/ene_sm_shield" force="true" reload="true"/>
		<unit path="units/payday2/characters/ene_sm_shield/ene_sm_shield_husk" force="true" reload="true"/>
		
		<unit path="units/payday2/characters/ene_city_shield/ene_city_shield" force="true" reload="true"/>
		<unit path="units/payday2/characters/ene_city_shield/ene_city_shield_husk" force="true" reload="true"/>

		<unit path="units/pd2_dlc_gitgud/characters/ene_zeal_swat_heavy/ene_zeal_swat_heavy" force="true" reload="true"/>
		<unit path="units/pd2_dlc_gitgud/characters/ene_zeal_swat_heavy/ene_zeal_swat_heavy_husk" force="true" reload="true"/>

		<unit path="units/payday2/characters/ene_city_heavy_r870/ene_city_heavy_r870" force="true" reload="true"/>
		<unit path="units/payday2/characters/ene_city_heavy_r870/ene_city_heavy_r870_husk" force="true" reload="true"/>

		<unit path="units/payday2/characters/ene_city_heavy_g36/ene_city_heavy_g36" force="true" reload="true"/>
		<unit path="units/payday2/characters/ene_city_heavy_g36/ene_city_heavy_g36_husk" force="true" reload="true"/>

		<unit path="units/payday2/characters/ene_fbi_heavy_r870/ene_fbi_heavy_r870" force="true" reload="true"/>
		<unit path="units/payday2/characters/ene_fbi_heavy_r870/ene_fbi_heavy_r870_husk" force="true" reload="true"/>

		<unit path="units/payday2/characters/ene_medic_m4/ene_medic_m4" force="true" reload="true"/>
		<unit path="units/payday2/characters/ene_medic_m4/ene_medic_m4_husk" force="true" reload="true"/>
		
		<unit path="units/payday2/characters/ene_medic_r870/ene_medic_r870" force="true" reload="true"/>
		<unit path="units/payday2/characters/ene_medic_r870/ene_medic_r870_husk" force="true" reload="true"/>
	
		<unit path="units/payday2/characters/ene_tazer_1/ene_tazer_1" force="true" reload="true"/>
		<unit path="units/payday2/characters/ene_tazer_1/ene_tazer_1_husk" force="true" reload="true"/>
		<model path="units/payday2/characters/ene_tazer_1/ene_tazer_1" force="true" reload="true"/>
		<object path="units/payday2/characters/ene_tazer_1/ene_tazer_1" force="true" reload="true"/>

		<unit path="units/pd2_dlc_gitgud/characters/ene_zeal_tazer/ene_zeal_tazer" force="true" reload="true"/>
		<unit path="units/pd2_dlc_gitgud/characters/ene_zeal_tazer/ene_zeal_tazer_husk" force="true" reload="true"/>
		
		<unit path="units/pd2_dlc_drm/characters/ene_bulldozer_medic/ene_bulldozer_medic" force="true" reload="true"/>
		<unit path="units/pd2_dlc_drm/characters/ene_bulldozer_medic/ene_bulldozer_medic_husk" force="true" reload="true"/>
		
		<unit path="units/payday2/characters/ene_sniper_1/ene_sniper_1" force="true" reload="true"/>
		<unit path="units/payday2/characters/ene_sniper_1/ene_sniper_1_husk" force="true" reload="true"/>
		
		<unit path="units/payday2/characters/ene_sniper_2/ene_sniper_2" force="true" reload="true"/>
		<unit path="units/payday2/characters/ene_sniper_2/ene_sniper_2_husk" force="true" reload="true"/>
	
		<unit path="units/payday2/characters/ene_spook_1/ene_spook_1" force="true" reload="true"/>
		<unit path="units/payday2/characters/ene_spook_1/ene_spook_1_husk" force="true" reload="true"/>

		<unit path="units/pd2_dlc_gitgud/characters/ene_zeal_cloaker/ene_zeal_cloaker" force="true" reload="true"/>
		<unit path="units/pd2_dlc_gitgud/characters/ene_zeal_cloaker/ene_zeal_cloaker_husk" force="true" reload="true"/>
		
		<unit path="units/payday2/characters/ene_bulldozer_2/ene_bulldozer_2" force="true" reload="true"/>
		<unit path="units/payday2/characters/ene_bulldozer_2/ene_bulldozer_2_husk" force="true" reload="true"/>
		<model path="units/payday2/characters/ene_bulldozer_2/ene_bulldozer_2" force="true" reload="true"/>
		<object path="units/payday2/characters/ene_bulldozer_2/ene_bulldozer_2" force="true" reload="true"/>
	</AddFiles>
	<Hooks directory="Hooks">
		<hook file="copbase.lua" source_file="lib/units/enemies/cop/copbase"/>
		<hook file="copbrain.lua" source_file="lib/units/enemies/cop/copbrain"/>
		<hook file="copmovement.lua" source_file="lib/units/enemies/cop/copmovement"/>
		<hook file="copinventory.lua" source_file="lib/units/enemies/cop/copinventory"/>
		<hook file="huskcopinventory.lua" source_file="lib/units/enemies/cop/huskcopinventory"/>
	</Hooks>
</table>