<table name="Super Weapon: Unmaykr">
	<Localization directory="Localization" default="english.txt"/>	
    <AssetUpdates id="Super Weapon: Unmaykr" version="1">
        <custom_provider version_api_url="https://drnewbie.github.io/Mess/UpdateProvider/Super%20Weapon%20Unmaykr.txt" download_url="https://drnewbie.github.io/Mess/UpdateProvider/Super%20Weapon%20Unmaykr.zip"/>
    </AssetUpdates>
	<AddFiles directory="assets">
		<texture path="guis/dlcs/mods/textures/pd2/blackmarket/icons/mods/wpn_fps_sss_unmaykr"/>
	</AddFiles>	
	<Hooks directory="Hooks">
		<hook file="shotgunbase.lua" source_file="lib/units/weapons/shotgun/shotgunbase"/>
		<hook file="playerstandard.lua" source_file="lib/units/beings/player/states/playerstandard"/>
		<hook file="weaponfactorytweakdata.lua" source_file="lib/tweak_data/weaponfactorytweakdata"/>
	</Hooks>	
	<WeaponMod based_on="wpn_fps_upg_a_dragons_breath" id="wpn_fps_sss_unmaykr" unit="units/payday2/weapons/wpn_upg_dummy/wpn_upg_dummy" type="ammo" drop="false" texture_bundle_folder="mods" is_a_unlockable="true">
		<stats value="9" total_ammo_mod="-12" damage="-999" spread="-999" moving_spread="-999"/>
		<weapons>
			<value_node value="wpn_fps_shot_saiga"/>
			<value_node value="wpn_fps_shot_r870"/>
			<value_node value="wpn_fps_shot_huntsman"/>
			<value_node value="wpn_fps_shot_serbu"/>
			<value_node value="wpn_fps_sho_ben"/>
			<value_node value="wpn_fps_sho_striker"/>
			<value_node value="wpn_fps_sho_ksg"/>
			<value_node value="wpn_fps_pis_judge"/>
			<value_node value="wpn_fps_sho_spas12"/>
			<value_node value="wpn_fps_shot_b682"/>
			<value_node value="wpn_fps_sho_aa12"/>
			<value_node value="wpn_fps_sho_boot"/>
			<value_node value="wpn_fps_shot_m37"/>
			<value_node value="wpn_fps_sho_rota"/>
		</weapons>
    </WeaponMod>
</table>