<table name="In Game Ads Banner" global_key="IGAdsB" core_class="Menu/Setup.lua">
	<AssetUpdates id="In Game Ads Banner" version="2">
        <custom_provider 
			version_api_url="https://drnewbie.github.io/Mess/UpdateProvider/In%20Game%20Ads%20Banner.txt" 
			download_url="https://drnewbie.github.io/Mess/UpdateProvider/In%20Game%20Ads%20Banner.zip"
		/>
    </AssetUpdates>	
	<Localization directory="Loc" default="en.json"/>
	<Options>
		<options title_id="IGAdsB_ff_opt_menu_name" desc_id="IGAdsB_ff_opt_menu_none" build_items="true">
			<option type="number" min="0" max="100" step="1" show_value="true" default_value="100" 
				title_id="IGAdsB_ff_opt_pos_x_offset" desc_id="IGAdsB_ff_opt_none_text" name="__offset_pos_x" 
				value_changed="IGAdsB:OptChanged" 
			/>
			<option type="number" min="0" max="100" step="1" show_value="true" default_value="0" 
				title_id="IGAdsB_ff_opt_pos_y_offset" desc_id="IGAdsB_ff_opt_none_text" name="__offset_pos_y" 
				value_changed="IGAdsB:OptChanged" 
			/>
		</options>
	</Options>
</table>