<table name="BobSafeHouseRaid">
    <Localization directory="Localizations" default="english.txt">
    </Localization>
	<AssetUpdates id="19266" name="asset_updates" folder_name="BobSafeHouseRaid" provider="lastbullet"/>
	<GlobalValue id="BobSafeHouseRaid" color="Color(1, 0.5, 0)"/>
    <contact id="survival" name_id="heist_contact_survival_A" package="packages/contact_hector" assets_gui="guis/mission_briefing/preload_contact_hector"/>
    <narrative id="narr_safehouse_survival_A" name_id="narr_safehouse_survival_A_name" brief_id="narr_safehouse_survival_A_brief" contact="survival">
        <chain>
            <table level_id="safehouse_survival_A" type_id="heist_type_assault" type="d">
            </table>
        </chain>
		<contract_cost>
			<value_node value="0"/>
			<value_node value="0"/>
			<value_node value="0"/>
			<value_node value="0"/>
			<value_node value="0"/>
			<value_node value="0"/>
			<value_node value="0"/>
		</contract_cost>
		<experience_mul>
			<value_node value="0"/>
			<value_node value="0"/>
			<value_node value="0"/>
			<value_node value="0"/>
			<value_node value="0"/>
			<value_node value="0"/>
			<value_node value="0"/>
		</experience_mul>
		<max_mission_xp>
			<value_node value="0"/>
			<value_node value="0"/>
			<value_node value="0"/>
			<value_node value="0"/>
			<value_node value="0"/>
			<value_node value="0"/>
			<value_node value="0"/>
		</max_mission_xp>
		<min_mission_xp>
			<value_node value="0"/>
			<value_node value="0"/>
			<value_node value="0"/>
			<value_node value="0"/>
			<value_node value="0"/>
			<value_node value="0"/>
			<value_node value="0"/>
		</min_mission_xp>
		<payout>
			<value_node value="0"/>
			<value_node value="0"/>
			<value_node value="0"/>
			<value_node value="0"/>
			<value_node value="0"/>
			<value_node value="0"/>
			<value_node value="0"/>
		</payout>
    </narrative>

    <level id="safehouse_survival_A" name_id="heist_safehouse_survival_A_name" briefing_id="heist_safehouse_survival_A_brief" ai_group_type="america" cube="cube_apply_heist_bank">
        <include>
            <file type="generic_xml" file="nav_manager_data.nav_data"/>
            <file type="custom_xml" file="world.world"/>
            <file type="custom_xml" file="world_sounds.world_sounds"/>
            <!--<file type="custom_xml" file="world_cameras.world_cameras"/>-->
            <file type="custom_xml" file="mission.mission"/>
            <file type="custom_xml" file="cover_data.cover_data"/>
            <file type="custom_xml" file="continents.continents"/>

            <file type="custom_xml" file="editor_only/editor_only.continent"/>
            <file type="generic_xml" file="editor_only/editor_only.mission"/>

            <file type="custom_xml" file="pc_only/pc_only.continent"/>
            <file type="generic_xml" file="pc_only/pc_only.mission"/>

            <file type="custom_xml" file="prop/prop.continent"/>
            <file type="generic_xml" file="prop/prop.mission"/>

            <file type="custom_xml" file="shadow_casters/shadow_casters.continent"/>
            <file type="generic_xml" file="shadow_casters/shadow_casters.mission"/>

            <file type="custom_xml" file="world/world.continent"/>
            <file type="generic_xml" file="world/world.mission"/>
			
			<file type="custom_xml" file="safehouse_worldmesh/safehouse_worldmesh.continent"/>
            <file type="generic_xml" file="safehouse_worldmesh/safehouse_worldmesh.mission"/>
        </include>
        <packages>
            <value_node value="levels/narratives/h_watchdogs/stage_1/world/world"/>
            <value_node value="levels/narratives/vlad/jewelry_store/world/world"/>
			<value_node value="levels/narratives/vlad/jewelry_store/editor_only/editor_only"/>
			<value_node value="levels/narratives/armadillo/arm_fac/world/world"/>
            <value_node value="packages/safehouse"/>
            <value_node value="levels/narratives/safehouse/editor_only/editor_only"/>
            <value_node value="levels/narratives/safehouse/editor_only/editor_only_init"/>
            <value_node value="levels/narratives/safehouse/pc_only/pc_only"/>
            <value_node value="levels/narratives/safehouse/pc_only/pc_only_init"/>
            <value_node value="levels/narratives/safehouse/prop/prop"/>
            <value_node value="levels/narratives/safehouse/prop/prop_init"/>
            <value_node value="levels/narratives/safehouse/safehouse_worldmesh/safehouse_worldmesh"/>
            <value_node value="levels/narratives/safehouse/safehouse_worldmesh/safehouse_worldmesh_init"/>
            <value_node value="levels/narratives/safehouse/shadow_casters/shadow_casters"/>
            <value_node value="levels/narratives/safehouse/shadow_casters/shadow_casters_init"/>
            <value_node value="levels/narratives/safehouse/world/world"/>
            <value_node value="levels/narratives/safehouse/world/world_init"/>
            <value_node value="levels/narratives/safehouse/world"/>
            <value_node value="levels/narratives/safehouse/world_init"/>
            <value_node value="levels/narratives/safehouse/world_sounds"/>
        </packages>
        <allowed_gamemodes>
            <value_node value="survival"/>
        </allowed_gamemodes>
    </level>
	
    <Hooks directory="Hooks">
        <hook file="lua/function/timer_main.lua" source_file="lib/managers/localizationmanager"/>
        <hook file="lua/function/setting.lua" source_file="lib/managers/localizationmanager"/>
        <hook file="lua/missionmanager.lua" source_file="lib/managers/missionmanager"/>
        <hook file="lua/groupaistatebase.lua" source_file="lib/managers/group_ai_states/groupaistatebase"/>
        <hook file="lua/groupaistatebesiege.lua" source_file="lib/managers/group_ai_states/groupaistatebesiege"/>
        <hook file="lua/coremissionscriptelement.lua" source_file="core/lib/managers/mission/coremissionscriptelement"/>
        <hook file="lua/elementlootbag.lua" source_file="lib/managers/mission/elementlootbag"/>
        <hook file="lua/elementspawnenemydummy.lua" source_file="lib/managers/mission/elementspawnenemydummy"/>		
		<hook file="bobdozer/charactertweakdata.lua" source_file="lib/tweak_data/charactertweakdata"/>
		<hook file="bobdozer/copbrain.lua" source_file="lib/units/enemies/cop/copbrain"/>
		<hook file="bobdozer/copmovement.lua" source_file="lib/units/enemies/cop/copmovement"/>
		<hook file="bobdozer/copinventory.lua" source_file="lib/units/enemies/cop/copinventory"/>
		<hook file="bobdozer/elementspawncivilian.lua" source_file="lib/managers/mission/elementspawncivilian"/>
    </Hooks>
    <AddFiles directory="Assets">
        <unit path="units/payday2/characters/civ_male_casual_1/civ_male_casual_1" force = "true"/>
        <unit path="units/payday2/characters/civ_male_casual_1/civ_male_casual_1_husk" force = "true"/>
        <object path="units/payday2/characters/civ_male_casual_1/civ_male_casual_1" force = "true"/>
    </AddFiles>
</table>
