<table name="Pocket Minigundozer">
	<Localization directory="Loc" default="english.txt"/>
	<AssetUpdates id="Pocket Minigundozer" version="1">
        <custom_provider version_api_url="https://drnewbie.github.io/Mess/UpdateProvider/Pocket Minigundozer.txt" download_url="https://drnewbie.github.io/Mess/UpdateProvider/Pocket%20Minigundozer.zip"/>
    </AssetUpdates>
	<AddFiles directory="Assets">
		<unit path="units/payday2/equipment/gen_equipment_tripmine/gen_equipment_pocket_tank_mini"/>
		<unit path="units/payday2/equipment/gen_equipment_tripmine/gen_equipment_pocket_tank_mini_dummy"/>
		<texture path="guis/textures/pd2/blackmarket/icons/deployables/pocket_tank_mini"/>
	</AddFiles>
	<Hooks directory="Hooks">
		<hook file="playermanager.lua" source_file="lib/managers/playermanager"/>
		<hook file="blackmarketgui.lua" source_file="lib/managers/menu/blackmarketgui"/>
		<hook file="playerequipment.lua" source_file="lib/units/beings/player/playerequipment"/>
		<hook file="groupaistatebase.lua" source_file="lib/managers/group_ai_states/groupaistatebase"/>
		
		<hook file="tweak_data/blackmarkettweakdata.lua" source_file="lib/tweak_data/blackmarkettweakdata"/>
		<hook file="tweak_data/equipmentstweakdata.lua" source_file="lib/tweak_data/equipmentstweakdata"/>
		<hook file="tweak_data/upgradestweakdata.lua" source_file="lib/tweak_data/upgradestweakdata"/>
		<hook file="tweak_data/weapontweakdata.lua" source_file="lib/tweak_data/weapontweakdata"/>
		
		<hook file="Prevent/achievmentmanager.lua" source_file="lib/managers/achievmentmanager"/>
		<hook file="Prevent/networkmatchmakingsteam.lua" source_file="lib/network/matchmaking/networkmatchmakingsteam"/>
	</Hooks>
</table>