{
  "lw_ff_opt_menu_name": "Lowered Weapons",
  "lw_ff_opt_menu_none": " ",
  "lw_ff_opt_desc_none": " ",
  "lw_ff_opt_to_fake_Slider": "------------------------------",
  "lw_ff_opt_time_to_lower": "Time to lower wep",
  "lw_ff_opt_speed_to_lower": "Speed to lower wep",
  "lw_ff_opt_none_text": "offset",
  "lw_ff_opt_pos_x_offset": "Pos - X",
  "lw_ff_opt_pos_y_offset": "Pos - Y",
  "lw_ff_opt_pos_z_offset": "Pos - Z",
  "lw_ff_opt_rot_x_offset": "Rot - X",
  "lw_ff_opt_rot_y_offset": "Rot - Y",
  "lw_ff_opt_rot_z_offset": "Rot - Z",
  "lw_ff_opt_reset_default": "Reset",
  "lw_ff_opt_reset_default_desc": "Click to Reset Opts",
  "lw_ff_opt_after_reset_default": "Reset the options to the default values successfully.",
  "lw_ff_opt_after_reset_default_ok": "OK",
  "lw_ff_opt_auto_gadget_off": "Auto power off the gadget",
  "lw_ff_opt_auto_gadget_off_desc": " ",
  "lw_ff_opt_too_close": "Distance to lower wep",
  "lw_ff_opt_too_close_desc": "Distance to auto lower the weapon, 0(zero) = OFF",
  "lw_ff_opt_no_custom_wep": "Disable custom wep",
  "lw_ff_opt_no_custom_wep_desc": "Disable the animations for custom weapons.",
  "lw_ff_opt_uppered_wep_distance": "Distance to upper wep",
  "lw_ff_opt_uppered_wep_distance_desc": "Distance to auto upper the weapon when aiming at enemies, 0(zero) = OFF",
  "lw_ff_opt_assault_disable_lowered": "No Lowered in Assault",
  "lw_ff_opt_assault_disable_lowered_desc": "When assault is in progress that weapons don't get lowered.",
  "lw_ff_opt_sprinting_disable_lowered": "No Lowered in Sprinting",
  "lw_ff_opt_sprinting_disable_lowered_desc": "Weapons don't get lowered when sprinting."
}