<table name="Crucible (Doom Eternal) (Melee)">
	<AssetUpdates id="Crucible (Doom Eternal) (Melee)" version="4">
        <custom_provider version_api_url="https://drnewbie.github.io/Mess/UpdateProvider/Crucible%20(Custom%20Melee).txt" download_url="https://drnewbie.github.io/Mess/UpdateProvider/Crucible%20(Custom%20Melee).zip"/>
    </AssetUpdates>
	
	<Localization directory="Localization" default="english.txt"/>
	
	<GlobalValue id="crucible_doom_eternal" color="Color(1, 0.5, 0)"/>
	
	<Hooks directory="Hooks">
		<hook file="playerstandard.lua" source_file="lib/units/beings/player/states/playerstandard"/>
	</Hooks>
	  
	<Melee id="crucible_doom_eternal" based_on="iceaxe" expire_t="10" repeat_expire_t="10" unit="units/mods/weapons/wpn_mel_crucible_doom_eternal/wpn_mel_crucible_doom_eternal" third_unit="units/mods/weapons/wpn_mel_crucible_doom_eternal/wpn_third_mel_crucible_doom_eternal" texture_bundle_folder="mods" global_value="crucible_doom_eternal">
		<stats min_damage="99999.9" max_damage="99999.9" charge_time="1" range="500" concealment="1"/>
	</Melee>

	<AddFiles directory="assets">
		<cooked_physics path="units/mods/weapons/wpn_mel_crucible_doom_eternal/wpn_mel_crucible_doom_eternal"/>
		<model path="units/mods/weapons/wpn_mel_crucible_doom_eternal/wpn_mel_crucible_doom_eternal"/>
		<object path="units/mods/weapons/wpn_mel_crucible_doom_eternal/wpn_mel_crucible_doom_eternal"/>
		<unit path="units/mods/weapons/wpn_mel_crucible_doom_eternal/wpn_mel_crucible_doom_eternal"/>
		<material_config path="units/mods/weapons/wpn_mel_crucible_doom_eternal/wpn_mel_crucible_doom_eternal"/>
		<texture path="units/mods/weapons/wpn_mel_crucible_doom_eternal/wpn_mel_crucible_doom_eternal_df"/>
		<texture path="units/mods/weapons/wpn_mel_crucible_doom_eternal/wpn_mel_crucible_doom_eternal_nm"/>
		
		<cooked_physics path="units/mods/weapons/wpn_mel_crucible_doom_eternal/wpn_third_mel_crucible_doom_eternal"/>
		<model path="units/mods/weapons/wpn_mel_crucible_doom_eternal/wpn_third_mel_crucible_doom_eternal"/>
		<object path="units/mods/weapons/wpn_mel_crucible_doom_eternal/wpn_third_mel_crucible_doom_eternal"/>
		<unit path="units/mods/weapons/wpn_mel_crucible_doom_eternal/wpn_third_mel_crucible_doom_eternal"/>
		<material_config path="units/mods/weapons/wpn_mel_crucible_doom_eternal/wpn_third_mel_crucible_doom_eternal"/>
		<texture path="units/mods/weapons/wpn_mel_crucible_doom_eternal/wpn_third_mel_crucible_doom_eternal_df"/>
		<texture path="units/mods/weapons/wpn_mel_crucible_doom_eternal/wpn_third_mel_crucible_doom_eternal_nm"/>
		
		<texture path="guis/dlcs/mods/textures/pd2/blackmarket/icons/melee_weapons/crucible_doom_eternal"/>
	</AddFiles>
	<Package id="packages/load_melee_crucible_doom_eternal" directory="assets">
		<bnk path="soundbanks/melee_crucible_doom_eternal" force="true"/>
	</Package>
</table>