<mod name="Ruiner(464060) Counter">
	<AssetUpdates id="Watson Amelia Backpack" version="2">
		<custom_provider 
			version_api_url="https://drnewbie.github.io/Mess/UpdateProvider/Ruiner(464060)%20Counter.txt" 
			download_url="https://drnewbie.github.io/Mess/UpdateProvider/Ruiner(464060)%20Counter.zip"
		/>
	</AssetUpdates>
	<Hooks directory="hooks">
		<hook file="hudmanager.lua" source_file="lib/managers/hudmanager"/>
		<hook file="hudmanager.lua" source_file="lib/managers/playermanager"/>
	</Hooks>
	<Package id="packages/97668a8af5693282" directory="assets">
		<png path="97668a8af5693282/____x12/P_001"/>
		<png path="97668a8af5693282/____x12/P_002"/>
		<png path="97668a8af5693282/____x12/P_003"/>
		<png path="97668a8af5693282/____x12/P_004"/>
		<png path="97668a8af5693282/____x12/P_005"/>
		<png path="97668a8af5693282/____x12/P_006"/>
		<png path="97668a8af5693282/____x12/P_007"/>
		<png path="97668a8af5693282/____x12/P_008"/>
		<png path="97668a8af5693282/____x12/P_009"/>
		<png path="97668a8af5693282/____x12/P_010"/>
		<png path="97668a8af5693282/____x12/P_011"/>
		<png path="97668a8af5693282/____x12/P_012"/>
		<png path="97668a8af5693282/____x12/P_013"/>
		<png path="97668a8af5693282/____x12/P_014"/>
		<png path="97668a8af5693282/____x12/P_015"/>
		<png path="97668a8af5693282/____x12/P_016"/>
		<png path="97668a8af5693282/____x12/P_017"/>
		<png path="97668a8af5693282/____x12/P_018"/>
		<png path="97668a8af5693282/____x12/P_019"/>
		<png path="97668a8af5693282/____x12/P_020"/>
		<png path="97668a8af5693282/____x12/P_021"/>
		<png path="97668a8af5693282/____x12/P_022"/>
		<png path="97668a8af5693282/____x12/P_023"/>
		<png path="97668a8af5693282/____x12/P_024"/>
		<png path="97668a8af5693282/____x12/P_025"/>
		<png path="97668a8af5693282/____x12/P_026"/>
		<png path="97668a8af5693282/____x12/P_027"/>
		<png path="97668a8af5693282/____x12/P_028"/>
		<png path="97668a8af5693282/____x12/P_029"/>
		<png path="97668a8af5693282/____x12/P_030"/>
		<png path="97668a8af5693282/____x12/P_031"/>
		<png path="97668a8af5693282/____x12/P_032"/>
		<png path="97668a8af5693282/____x12/P_033"/>
		<png path="97668a8af5693282/____x12/P_034"/>
		<png path="97668a8af5693282/____x12/P_035"/>
		<png path="97668a8af5693282/____x12/P_036"/>
		<png path="97668a8af5693282/____x12/P_037"/>
		<png path="97668a8af5693282/____x12/P_038"/>
		<png path="97668a8af5693282/____x12/P_039"/>
		<png path="97668a8af5693282/____x12/P_040"/>
		<png path="97668a8af5693282/____x12/P_041"/>
		<png path="97668a8af5693282/____x12/P_042"/>
		<png path="97668a8af5693282/____x12/P_043"/>
		<png path="97668a8af5693282/____x12/P_044"/>
		<png path="97668a8af5693282/____x12/P_045"/>
		<png path="97668a8af5693282/____x12/P_046"/>
		<png path="97668a8af5693282/____x12/P_047"/>
		<png path="97668a8af5693282/____x12/P_048"/>
		<png path="97668a8af5693282/____x12/P_049"/>
		<png path="97668a8af5693282/____x12/P_050"/>
		<png path="97668a8af5693282/____x12/P_051"/>
		<png path="97668a8af5693282/____x12/P_052"/>
		<png path="97668a8af5693282/____x12/P_053"/>
		<png path="97668a8af5693282/____x12/P_054"/>
		<png path="97668a8af5693282/____x12/P_055"/>
		<png path="97668a8af5693282/____x12/P_056"/>
		<png path="97668a8af5693282/____x12/P_057"/>
		<png path="97668a8af5693282/____x12/P_058"/>
		<png path="97668a8af5693282/____x12/P_059"/>
		<png path="97668a8af5693282/____x12/P_060"/>
		<png path="97668a8af5693282/____x12/P_061"/>
		<png path="97668a8af5693282/____x15/P_001"/>
		<png path="97668a8af5693282/____x15/P_002"/>
		<png path="97668a8af5693282/____x15/P_003"/>
		<png path="97668a8af5693282/____x15/P_004"/>
		<png path="97668a8af5693282/____x15/P_005"/>
		<png path="97668a8af5693282/____x15/P_006"/>
		<png path="97668a8af5693282/____x15/P_007"/>
		<png path="97668a8af5693282/____x15/P_008"/>
		<png path="97668a8af5693282/____x15/P_009"/>
		<png path="97668a8af5693282/____x15/P_010"/>
		<png path="97668a8af5693282/____x15/P_011"/>
		<png path="97668a8af5693282/____x15/P_012"/>
		<png path="97668a8af5693282/____x15/P_013"/>
		<png path="97668a8af5693282/____x15/P_014"/>
		<png path="97668a8af5693282/____x15/P_015"/>
		<png path="97668a8af5693282/____x15/P_016"/>
		<png path="97668a8af5693282/____x15/P_017"/>
		<png path="97668a8af5693282/____x15/P_018"/>
		<png path="97668a8af5693282/____x15/P_019"/>
		<png path="97668a8af5693282/____x15/P_020"/>
		<png path="97668a8af5693282/____x15/P_021"/>
		<png path="97668a8af5693282/____x15/P_022"/>
		<png path="97668a8af5693282/____x15/P_023"/>
		<png path="97668a8af5693282/____x15/P_024"/>
		<png path="97668a8af5693282/____x15/P_025"/>
		<png path="97668a8af5693282/____x15/P_026"/>
		<png path="97668a8af5693282/____x15/P_027"/>
		<png path="97668a8af5693282/____x15/P_028"/>
		<png path="97668a8af5693282/____x15/P_029"/>
		<png path="97668a8af5693282/____x15/P_030"/>
		<png path="97668a8af5693282/____x15/P_031"/>
		<png path="97668a8af5693282/____x15/P_032"/>
		<png path="97668a8af5693282/____x15/P_033"/>
		<png path="97668a8af5693282/____x15/P_034"/>
		<png path="97668a8af5693282/____x15/P_035"/>
		<png path="97668a8af5693282/____x15/P_036"/>
		<png path="97668a8af5693282/____x15/P_037"/>
		<png path="97668a8af5693282/____x15/P_038"/>
		<png path="97668a8af5693282/____x15/P_039"/>
		<png path="97668a8af5693282/____x15/P_040"/>
		<png path="97668a8af5693282/____x15/P_041"/>
		<png path="97668a8af5693282/____x15/P_042"/>
		<png path="97668a8af5693282/____x15/P_043"/>
		<png path="97668a8af5693282/____x15/P_044"/>
		<png path="97668a8af5693282/____x15/P_045"/>
		<png path="97668a8af5693282/____x15/P_046"/>
		<png path="97668a8af5693282/____x15/P_047"/>
		<png path="97668a8af5693282/____x15/P_048"/>
		<png path="97668a8af5693282/____x15/P_049"/>
		<png path="97668a8af5693282/____x15/P_050"/>
		<png path="97668a8af5693282/____x15/P_051"/>
		<png path="97668a8af5693282/____x15/P_052"/>
		<png path="97668a8af5693282/____x15/P_053"/>
		<png path="97668a8af5693282/____x15/P_054"/>
		<png path="97668a8af5693282/____x15/P_055"/>
		<png path="97668a8af5693282/____x15/P_056"/>
		<png path="97668a8af5693282/____x15/P_057"/>
		<png path="97668a8af5693282/____x15/P_058"/>
		<png path="97668a8af5693282/____x15/P_059"/>
		<png path="97668a8af5693282/____x15/P_060"/>
		<png path="97668a8af5693282/____x3/P_001"/>
		<png path="97668a8af5693282/____x3/P_002"/>
		<png path="97668a8af5693282/____x3/P_003"/>
		<png path="97668a8af5693282/____x3/P_004"/>
		<png path="97668a8af5693282/____x3/P_005"/>
		<png path="97668a8af5693282/____x3/P_006"/>
		<png path="97668a8af5693282/____x3/P_007"/>
		<png path="97668a8af5693282/____x3/P_008"/>
		<png path="97668a8af5693282/____x3/P_009"/>
		<png path="97668a8af5693282/____x3/P_010"/>
		<png path="97668a8af5693282/____x3/P_011"/>
		<png path="97668a8af5693282/____x3/P_012"/>
		<png path="97668a8af5693282/____x3/P_013"/>
		<png path="97668a8af5693282/____x3/P_014"/>
		<png path="97668a8af5693282/____x3/P_015"/>
		<png path="97668a8af5693282/____x3/P_016"/>
		<png path="97668a8af5693282/____x3/P_017"/>
		<png path="97668a8af5693282/____x3/P_018"/>
		<png path="97668a8af5693282/____x3/P_019"/>
		<png path="97668a8af5693282/____x3/P_020"/>
		<png path="97668a8af5693282/____x3/P_021"/>
		<png path="97668a8af5693282/____x3/P_022"/>
		<png path="97668a8af5693282/____x3/P_023"/>
		<png path="97668a8af5693282/____x3/P_024"/>
		<png path="97668a8af5693282/____x3/P_025"/>
		<png path="97668a8af5693282/____x3/P_026"/>
		<png path="97668a8af5693282/____x3/P_027"/>
		<png path="97668a8af5693282/____x3/P_028"/>
		<png path="97668a8af5693282/____x3/P_029"/>
		<png path="97668a8af5693282/____x3/P_030"/>
		<png path="97668a8af5693282/____x3/P_031"/>
		<png path="97668a8af5693282/____x3/P_032"/>
		<png path="97668a8af5693282/____x3/P_033"/>
		<png path="97668a8af5693282/____x3/P_034"/>
		<png path="97668a8af5693282/____x3/P_035"/>
		<png path="97668a8af5693282/____x3/P_036"/>
		<png path="97668a8af5693282/____x3/P_037"/>
		<png path="97668a8af5693282/____x3/P_038"/>
		<png path="97668a8af5693282/____x3/P_039"/>
		<png path="97668a8af5693282/____x3/P_040"/>
		<png path="97668a8af5693282/____x3/P_041"/>
		<png path="97668a8af5693282/____x3/P_042"/>
		<png path="97668a8af5693282/____x3/P_043"/>
		<png path="97668a8af5693282/____x3/P_044"/>
		<png path="97668a8af5693282/____x6/P_001"/>
		<png path="97668a8af5693282/____x6/P_002"/>
		<png path="97668a8af5693282/____x6/P_003"/>
		<png path="97668a8af5693282/____x6/P_004"/>
		<png path="97668a8af5693282/____x6/P_005"/>
		<png path="97668a8af5693282/____x6/P_006"/>
		<png path="97668a8af5693282/____x6/P_007"/>
		<png path="97668a8af5693282/____x6/P_008"/>
		<png path="97668a8af5693282/____x6/P_009"/>
		<png path="97668a8af5693282/____x6/P_010"/>
		<png path="97668a8af5693282/____x6/P_011"/>
		<png path="97668a8af5693282/____x6/P_012"/>
		<png path="97668a8af5693282/____x6/P_013"/>
		<png path="97668a8af5693282/____x6/P_014"/>
		<png path="97668a8af5693282/____x6/P_015"/>
		<png path="97668a8af5693282/____x6/P_016"/>
		<png path="97668a8af5693282/____x6/P_017"/>
		<png path="97668a8af5693282/____x6/P_018"/>
		<png path="97668a8af5693282/____x6/P_019"/>
		<png path="97668a8af5693282/____x6/P_020"/>
		<png path="97668a8af5693282/____x6/P_021"/>
		<png path="97668a8af5693282/____x6/P_022"/>
		<png path="97668a8af5693282/____x6/P_023"/>
		<png path="97668a8af5693282/____x6/P_024"/>
		<png path="97668a8af5693282/____x6/P_025"/>
		<png path="97668a8af5693282/____x6/P_026"/>
		<png path="97668a8af5693282/____x6/P_027"/>
		<png path="97668a8af5693282/____x6/P_028"/>
		<png path="97668a8af5693282/____x6/P_029"/>
		<png path="97668a8af5693282/____x6/P_030"/>
		<png path="97668a8af5693282/____x6/P_031"/>
		<png path="97668a8af5693282/____x6/P_032"/>
		<png path="97668a8af5693282/____x6/P_033"/>
		<png path="97668a8af5693282/____x6/P_034"/>
		<png path="97668a8af5693282/____x6/P_035"/>
		<png path="97668a8af5693282/____x6/P_036"/>
		<png path="97668a8af5693282/____x6/P_037"/>
		<png path="97668a8af5693282/____x6/P_038"/>
		<png path="97668a8af5693282/____x6/P_039"/>
		<png path="97668a8af5693282/____x6/P_040"/>
		<png path="97668a8af5693282/____x6/P_041"/>
		<png path="97668a8af5693282/____x6/P_042"/>
		<png path="97668a8af5693282/____x6/P_043"/>
		<png path="97668a8af5693282/____x6/P_044"/>
		<png path="97668a8af5693282/____x6/P_045"/>
		<png path="97668a8af5693282/____x6/P_046"/>
		<png path="97668a8af5693282/____x6/P_047"/>
		<png path="97668a8af5693282/____x6/P_048"/>
		<png path="97668a8af5693282/____x6/P_049"/>
		<png path="97668a8af5693282/____x6/P_050"/>
		<png path="97668a8af5693282/____x6/P_051"/>
		<png path="97668a8af5693282/____x6/P_052"/>
		<png path="97668a8af5693282/____x6/P_053"/>
		<png path="97668a8af5693282/____x6/P_054"/>
		<png path="97668a8af5693282/____x6/P_055"/>
		<png path="97668a8af5693282/____x6/P_056"/>
		<png path="97668a8af5693282/____x6/P_057"/>
		<png path="97668a8af5693282/____x6/P_058"/>
		<png path="97668a8af5693282/____x6/P_059"/>
		<png path="97668a8af5693282/____x6/P_060"/>
		<png path="97668a8af5693282/____x6/P_061"/>
		<png path="97668a8af5693282/____x9/P_001"/>
		<png path="97668a8af5693282/____x9/P_002"/>
		<png path="97668a8af5693282/____x9/P_003"/>
		<png path="97668a8af5693282/____x9/P_004"/>
		<png path="97668a8af5693282/____x9/P_005"/>
		<png path="97668a8af5693282/____x9/P_006"/>
		<png path="97668a8af5693282/____x9/P_007"/>
		<png path="97668a8af5693282/____x9/P_008"/>
		<png path="97668a8af5693282/____x9/P_009"/>
		<png path="97668a8af5693282/____x9/P_010"/>
		<png path="97668a8af5693282/____x9/P_011"/>
		<png path="97668a8af5693282/____x9/P_012"/>
		<png path="97668a8af5693282/____x9/P_013"/>
		<png path="97668a8af5693282/____x9/P_014"/>
		<png path="97668a8af5693282/____x9/P_015"/>
		<png path="97668a8af5693282/____x9/P_016"/>
		<png path="97668a8af5693282/____x9/P_017"/>
		<png path="97668a8af5693282/____x9/P_018"/>
		<png path="97668a8af5693282/____x9/P_019"/>
		<png path="97668a8af5693282/____x9/P_020"/>
		<png path="97668a8af5693282/____x9/P_021"/>
		<png path="97668a8af5693282/____x9/P_022"/>
		<png path="97668a8af5693282/____x9/P_023"/>
		<png path="97668a8af5693282/____x9/P_024"/>
		<png path="97668a8af5693282/____x9/P_025"/>
		<png path="97668a8af5693282/____x9/P_026"/>
		<png path="97668a8af5693282/____x9/P_027"/>
		<png path="97668a8af5693282/____x9/P_028"/>
		<png path="97668a8af5693282/____x9/P_029"/>
		<png path="97668a8af5693282/____x9/P_030"/>
		<png path="97668a8af5693282/____x9/P_031"/>
		<png path="97668a8af5693282/____x9/P_032"/>
		<png path="97668a8af5693282/____x9/P_033"/>
		<png path="97668a8af5693282/____x9/P_034"/>
		<png path="97668a8af5693282/____x9/P_035"/>
		<png path="97668a8af5693282/____x9/P_036"/>
		<png path="97668a8af5693282/____x9/P_037"/>
		<png path="97668a8af5693282/____x9/P_038"/>
		<png path="97668a8af5693282/____x9/P_039"/>
		<png path="97668a8af5693282/____x9/P_040"/>
		<png path="97668a8af5693282/____x9/P_041"/>
		<png path="97668a8af5693282/____x9/P_042"/>
		<png path="97668a8af5693282/____x9/P_043"/>
		<png path="97668a8af5693282/____x9/P_044"/>
		<png path="97668a8af5693282/____x9/P_045"/>
		<png path="97668a8af5693282/____x9/P_046"/>
		<png path="97668a8af5693282/____x9/P_047"/>
		<png path="97668a8af5693282/____x9/P_048"/>
		<png path="97668a8af5693282/____x9/P_049"/>
		<png path="97668a8af5693282/____x9/P_050"/>
		<png path="97668a8af5693282/____x9/P_051"/>
		<png path="97668a8af5693282/____x9/P_052"/>
		<png path="97668a8af5693282/____x9/P_053"/>
		<png path="97668a8af5693282/____x9/P_054"/>
		<png path="97668a8af5693282/____x9/P_055"/>
		<png path="97668a8af5693282/____x9/P_056"/>
		<png path="97668a8af5693282/____x9/P_057"/>
		<png path="97668a8af5693282/____x9/P_058"/>
		<png path="97668a8af5693282/____x9/P_059"/>
		<png path="97668a8af5693282/____x9/P_060"/>
	</Package>
</mod>