<table name="Replace Shuriken with C4 Bomb">
	<AssetUpdates id="Replace Shuriken with C4 Bomb" version="2">
        <custom_provider 
			version_api_url="https://drnewbie.github.io/Mess/UpdateProvider/Replace%20Shuriken%20with%20C4%20Bomb.txt" 
			download_url="https://drnewbie.github.io/Mess/UpdateProvider/Replace%20Shuriken%20with%20C4%20Bomb.zip"/>
    </AssetUpdates>
	<Localization directory="Localization" default="english.txt"/>
	<AddFiles directory="Assets" auto_generate="true">
	</AddFiles>
	<Hooks directory="Hooks">
		<hook file="fraggrenade.lua" source_file="lib/units/weapons/grenades/fraggrenade"/>
		<hook file="projectilestweakdata.lua" source_file="lib/tweak_data/blackmarket/projectilestweakdata"/>
	</Hooks>
	<Keybind 
		keybind_id = "c4_grenade_local_remoter"
		name = "bm_c4_grenade_local_remote_name"
		description = "bm_c4_grenade_local_remote_desc"
		localized = "true"
		run_in_game = "true"
		run_in_menu = "false"
		script_path = "Hooks/KaBoom.lua"
	/>
</table>

