<table directory="assets">
	<texture path="units/pd2_dlc_xm21/weapons/wpn_xmas_snowball/brick_df" force="true"/>
	<texture path="units/pd2_dlc_xm21/weapons/wpn_xmas_snowball/brick_nm" force="true"/>
	<dds path="guis/dlcs/xm21/textures/pd2/blackmarket/icons/grenades/xmas_snowball" force="true"/>
	
	<model path="units/pd2_dlc_xm21/weapons/wpn_xmas_snowball/wpn_xmas_snowball_husk" force="true"/>
	<object path="units/pd2_dlc_xm21/weapons/wpn_xmas_snowball/wpn_xmas_snowball_husk" force="true"/>
	<material_config path="units/pd2_dlc_xm21/weapons/wpn_xmas_snowball/wpn_xmas_snowball_husk" force="true"/>
	
	<model path="units/pd2_dlc_xm21/weapons/wpn_xmas_snowball/wpn_xmas_snowball" force="true"/>
	<object path="units/pd2_dlc_xm21/weapons/wpn_xmas_snowball/wpn_xmas_snowball" force="true"/>
	<material_config path="units/pd2_dlc_xm21/weapons/wpn_xmas_snowball/wpn_xmas_snowball" force="true"/>
</table>
