<?xml version="1.0"?>
<unit type="being" slot="12">
	<anim_state_machine name="anims/units/enemies/cop/cop_machine" />
	<object file="units/pd2_dlc_drm/characters/ene_bulldozer_minigun/ene_bulldozer_minigun" />
	<dependencies>
		<depends_on bnk="soundbanks/regular_vox" />
		<depends_on bnk="soundbanks/regular_sfx" />
		<depends_on effect="effects/particles/bullet_hit/glass_breakable/bullet_hit_glass_breakable" />
		<depends_on unit="units/pd2_dlc_drm/characters/ene_acc_bulldozer_minigun_back/ene_acc_bulldozer_minigun_back" />
		<depends_on unit="units/pd2_dlc_drm/characters/ene_acc_bulldozer_minigun_chest/ene_acc_bulldozer_minigun_chest" />
		<depends_on unit="units/pd2_dlc_drm/characters/ene_acc_bulldozer_minigun_helmet_plate/ene_acc_bulldozer_minigun_helmet_plate" />
		<depends_on unit="units/pd2_dlc_drm/characters/ene_acc_bulldozer_minigun_neck/ene_acc_bulldozer_minigun_neck" />
		<depends_on unit="units/pd2_dlc_drm/characters/ene_acc_bulldozer_minigun_stomache/ene_acc_bulldozer_minigun_stomache" />
		<depends_on unit="units/pd2_dlc_drm/characters/ene_acc_bulldozer_minigun_throat/ene_acc_bulldozer_minigun_throat" />
		<depends_on unit="units/pd2_dlc_drm/weapons/wpn_npc_mini/wpn_npc_mini" />
	</dependencies>
	<extensions>
		<extension name="unit_data" class="ScriptUnitData" />
		<extension name="base" class="HuskCopBase" >
			<var name="can_be_marked" value="true" />
			<var name="_tweak_table" value="tank_mini" />
			<var name="_default_weapon_id" value="mini" />
			<var name="_stats_name" value="tank_skull" />
		</extension>
		<extension name="inventory" class="HuskCopInventory" />
		<extension name="brain" class="HuskCopBrain" />
		<extension name="anim_data" class="PlayerAnimationData" />
		<extension name="character_damage" class="HuskTankCopDamage" >
			<var name="_head_body_name" value="head" />
		</extension>
		<extension name="movement" class="HuskCopMovement" >
			<var name="_footwear" value="bulldozer" />
			<var name="_anim_global" value="tank" />
		</extension>
		<extension name="interaction" class="IntimitateInteractionExt" >
			<var name="tweak_data" value="intimidate" />
		</extension>
		<extension name="network" class="NetworkBaseExtension" />
		<extension name="damage" class="UnitDamage" >
			<var name="_skip_save_anim_state_machine" value="true" />
		</extension>
		<extension name="contour" class="ContourExt" />
		<extension name="sound" class="CopSound" />
	</extensions>
	<network sync="husk" remote_unit=""/>
	<sounds>
		<default_soundsource source="Hips"/>
	</sounds>
</unit>