{
  "GuardianBonusBuff_menu_title": "Guardian Bonus Buff",
  "GuardianBonusBuff_menu_desc": " ",
  "GuardianBonusBuff_no_more_upgrade": "Sorry, no more upgrade.",
  "GuardianBonusBuff_ready_to_upgrade": "Are you sure want to upgrade?",
  "Guardian_increase_maximum_health_name": "Maximum Health",
  "Guardian_increase_maximum_health_desc": " ",
  "Guardian_increase_maximum_health_name_w_var": "Maximum Health",
  "Guardian_increase_maximum_armor_name": "Maximum Armor",
  "Guardian_increase_maximum_armor_desc": " ",
  "Guardian_increase_maximum_armor_name_w_var": "Maximum Armor"
}