{
  "GuardianBonusBuff_menu_title": "Guardian Bonus Buff",
  "GuardianBonusBuff_menu_desc": " ",
  "GuardianBonusBuff_no_more_upgrade": "Sorry, no more upgrade.",
  "GuardianBonusBuff_ready_to_upgrade": "Are you sure want to upgrade?",
  "Guardian_increase_maximum_health_name": "Maximum Health",
  "Guardian_increase_maximum_health_desc": " ",
  "Guardian_increase_maximum_health_name_w_var": "Maximum Health",
  "Guardian_increase_maximum_armor_name": "Maximum Armor",
  "Guardian_increase_maximum_armor_desc": " ",
  "Guardian_increase_maximum_armor_name_w_var": "Maximum Armor",
  "Guardian_increase_addon_critical_name": "Addon Critical",
  "Guardian_increase_addon_critical_desc": " ",
  "Guardian_increase_addon_critical_name_w_var": "Addon Critical",
  "Guardian_increase_addon_dodge_name": "Addon Dodge",
  "Guardian_increase_addon_dodge_desc": " ",
  "Guardian_increase_addon_dodge_name_w_var": "Addon Dodge",
  "Guardian_increase_addon_weapon_switch_speed_name": "Weapon Switch Speed",
  "Guardian_increase_addon_weapon_switch_speed_desc": " ",
  "Guardian_increase_addon_weapon_switch_speed_name_w_var": "Weapon Switch Speed",
  "Guardian_increase_addon_weapon_damage_multiplier_name": "Weapon Damage",
  "Guardian_increase_addon_weapon_damage_multiplier_desc": " ",
  "Guardian_increase_addon_weapon_damage_multiplier_name_w_var": "Weapon Damage",
  "Guardian_increase_addon_pick_up_ammo_multiplier_name": "Ammo Pickup",
  "Guardian_increase_addon_pick_up_ammo_multiplier_desc": " ",
  "Guardian_increase_addon_pick_up_ammo_multiplier_name_w_var": "Ammo Pickup",
  "Guardian_increase_addon_armor_regen_time_mul_name": "Armor Regeneration",
  "Guardian_increase_addon_armor_regen_time_mul_desc": " ",
  "Guardian_increase_addon_armor_regen_time_mul_name_w_var": "Armor Regeneration",
  "Guardian_increase_crouch_speed_multiplier_name": "Crouch Speed",
  "Guardian_increase_crouch_speed_multiplier_desc": " ",
  "Guardian_increase_crouch_speed_multiplier_name_w_var": "Crouch Speed"
}