{
  "menu_id": "GuardianBonusBuff_Mneu",
  "parent_menu_id": "blt_options",
  "title": "GuardianBonusBuff_menu_title",
  "description": "GuardianBonusBuff_menu_desc",
  "items": [
    {
      "type": "button",
      "id": "id4Guardian_increase_maximum_health",
      "title": "Guardian_increase_maximum_health_name_w_var",
      "description": "Guardian_increase_maximum_health_desc",
      "callback": "callback_Guardian_increase_maximum_health"
    },
    {
      "type": "button",
      "id": "id4Guardian_increase_maximum_armor",
      "title": "Guardian_increase_maximum_armor_name_w_var",
      "description": "Guardian_increase_maximum_armor_desc",
      "callback": "callback_Guardian_increase_maximum_armor"
    },
    {
      "type": "button",
      "id": "id4Guardian_increase_addon_critical",
      "title": "Guardian_increase_addon_critical_name_w_var",
      "description": "Guardian_increase_addon_critical_desc",
      "callback": "callback_Guardian_increase_addon_critical"
    },
    {
      "type": "button",
      "id": "id4Guardian_increase_addon_dodge",
      "title": "Guardian_increase_addon_dodge_name_w_var",
      "description": "Guardian_increase_addon_dodge_desc",
      "callback": "callback_Guardian_increase_addon_dodge"
    },
    {
      "type": "button",
      "id": "id4Guardian_increase_addon_armor_regen_time_mul",
      "title": "Guardian_increase_addon_armor_regen_time_mul_name_w_var",
      "description": "Guardian_increase_addon_armor_regen_time_mul_desc",
      "callback": "callback_Guardian_increase_addon_armor_regen_time_mul"
    },
    {
      "type": "button",
      "id": "id4Guardian_increase_crouch_speed_multiplier",
      "title": "Guardian_increase_crouch_speed_multiplier_name_w_var",
      "description": "Guardian_increase_crouch_speed_multiplier_desc",
      "callback": "callback_Guardian_increase_crouch_speed_multiplier"
    },
    {
      "type": "button",
      "id": "id4Guardian_increase_stamina_multiplier",
      "title": "Guardian_increase_stamina_multiplier_name_w_var",
      "description": "Guardian_increase_stamina_multiplier_desc",
      "callback": "callback_Guardian_increase_stamina_multiplier"
    },
    {
      "type": "button",
      "id": "id4Guardian_increase_addon_weapon_switch_speed",
      "title": "Guardian_increase_addon_weapon_switch_speed_name_w_var",
      "description": "Guardian_increase_addon_weapon_switch_speed_desc",
      "callback": "callback_Guardian_increase_addon_weapon_switch_speed"
    },
    {
      "type": "button",
      "id": "id4Guardian_increase_addon_weapon_damage_multiplier",
      "title": "Guardian_increase_addon_weapon_damage_multiplier_name_w_var",
      "description": "Guardian_increase_addon_weapon_damage_multiplier_desc",
      "callback": "callback_Guardian_increase_addon_weapon_damage_multiplier"
    },
    {
      "type": "button",
      "id": "id4Guardian_increase_addon_pick_up_ammo_multiplier",
      "title": "Guardian_increase_addon_pick_up_ammo_multiplier_name_w_var",
      "description": "Guardian_increase_addon_pick_up_ammo_multiplier_desc",
      "callback": "callback_Guardian_increase_addon_pick_up_ammo_multiplier"
    },
    {
      "type": "button",
      "id": "id4Guardian_increase_interaction_speed_multiplier",
      "title": "Guardian_increase_interaction_speed_multiplier_name_w_var",
      "description": "Guardian_increase_interaction_speed_multiplier_desc",
      "callback": "callback_Guardian_increase_interaction_speed_multiplier"
    },
    {
      "type": "divider",
      "size": 160
    },
    {
      "type": "button",
      "id": "id4Guardian_Func_reset",
      "title": "Guardian_Func_reset_name",
      "description": "Guardian_Func_reset_desc",
      "callback": "callback_Guardian_Func_reset"
    }
  ]
}