{
  "ak74": "https://iopwiki.com/wiki/AK-74M",
  "akm": "https://iopwiki.com/wiki/AK-47",
  "ak5": "https://iopwiki.com/wiki/Ak_5",
  "flint": "https://iopwiki.com/wiki/AK-12",
  "amcar": "https://iopwiki.com/wiki/ST_AR-15",
  "m16": "https://iopwiki.com/wiki/M16A1",
  "tecci": "https://iopwiki.com/wiki/HK416",
  "new_m4": "https://iopwiki.com/wiki/M4_SOPMOD_II",
  "sub2000": "https://iopwiki.com/wiki/SUB-2000",
  "famas": "https://iopwiki.com/wiki/FAMAS",
  "s552": "https://iopwiki.com/wiki/SIG-556",
  "fal": "https://iopwiki.com/wiki/FAL",
  "ching": "https://iopwiki.com/wiki/M1_Garand",
  "galil": "https://iopwiki.com/wiki/Galil",
  "g3": "https://iopwiki.com/wiki/G3",
  "akm_gold": "https://iopwiki.com/wiki/AK-47",
  "g36": "https://iopwiki.com/wiki/G36",
  "contraband": "https://iopwiki.com/wiki/G28",
  "vhs": "https://iopwiki.com/wiki/VHS",
  "new_m14": "https://iopwiki.com/wiki/M14",
  "l85a2": "https://iopwiki.com/wiki/L85A1",
  "aug": "https://iopwiki.com/wiki/AUG",
  "corgi": "https://iopwiki.com/wiki/F2000",
  "asval": "https://iopwiki.com/wiki/AS_Val",
  "komodo": "https://iopwiki.com/wiki/TAR-21",
  "groza": "https://iopwiki.com/wiki/OTs-14",
  "shak12": "https://iopwiki.com/wiki/ASh-12.7",
  "hk21": "https://iopwiki.com/wiki/HK21",
  "mg42": "https://iopwiki.com/wiki/MG42",
  "m249": "https://iopwiki.com/wiki/M249_SAW",
  "par": "https://iopwiki.com/wiki/Mk48",
  "rpk": "https://iopwiki.com/wiki/RPK-16",
  "m60": "https://iopwiki.com/wiki/M60",
  "lemming": "https://iopwiki.com/wiki/Five-seveN",
  "sparrow": "https://iopwiki.com/wiki/Jericho",
  "b92fs": "https://iopwiki.com/wiki/M9",
  "c96": "https://iopwiki.com/wiki/C96",
  "glock_17": "https://iopwiki.com/wiki/Glock_17",
  "packrat": "https://iopwiki.com/wiki/P30",
  "colt_1911": "https://iopwiki.com/wiki/M1911",
  "deagle": "https://iopwiki.com/wiki/Desert_Eagle",
  "ppk": "https://iopwiki.com/wiki/PPK",
  "usp": "https://iopwiki.com/wiki/USP_Compact",
  "hs2000": "https://iopwiki.com/wiki/HS2000",
  "breech": "https://iopwiki.com/wiki/P08",
  "p226": "https://iopwiki.com/wiki/P226",
  "legacy": "https://iopwiki.com/wiki/P7",
  "czech": "https://iopwiki.com/wiki/CZ75",
  "stech": "https://iopwiki.com/wiki/Stechkin",
  "m1911": "https://iopwiki.com/wiki/M1911",
  "type54": "https://iopwiki.com/wiki/Tokarev",
  "boot": "https://iopwiki.com/wiki/M1887",
  "saiga": "https://iopwiki.com/wiki/Saiga-12",
  "benelli": "https://iopwiki.com/wiki/M1014",
  "spas12": "https://iopwiki.com/wiki/SPAS-12",
  "ksg": "https://iopwiki.com/wiki/KSG",
  "r870": "https://iopwiki.com/wiki/M870",
  "aa12": "https://iopwiki.com/wiki/AA-12",
  "m1897": "https://iopwiki.com/wiki/M1897",
  "m590": "https://iopwiki.com/wiki/M590",
  "m37": "https://iopwiki.com/wiki/M37",
  "rota": "https://iopwiki.com/wiki/Six12",
  "serbu": "https://iopwiki.com/wiki/Super-Shorty",
  "tti": "https://iopwiki.com/wiki/Super_SASS",
  "desertfox": "https://iopwiki.com/wiki/SRS",
  "siltstone": "https://iopwiki.com/wiki/SVD",
  "wa2000": "https://iopwiki.com/wiki/WA2000",
  "mosin": "https://iopwiki.com/wiki/Mosin-Nagant",
  "r93": "https://iopwiki.com/wiki/R93",
  "m95": "https://iopwiki.com/wiki/M82A1",
  "qbu88": "https://iopwiki.com/wiki/QBU-88",
  "m134": "https://iopwiki.com/wiki/Yurine",
  "tec9": "https://iopwiki.com/wiki/TEC-9",
  "m1928": "https://iopwiki.com/wiki/Thompson",
  "scorpion": "https://iopwiki.com/wiki/Skorpion",
  "mp5": "https://iopwiki.com/wiki/MP5",
  "hajk": "https://iopwiki.com/wiki/CZ-805",
  "sr2": "https://iopwiki.com/wiki/SR-2",
  "schakal": "https://iopwiki.com/wiki/UMP45",
  "p90": "https://iopwiki.com/wiki/P90",
  "akmsu": "https://iopwiki.com/wiki/AK-74U",
  "polymer": "https://iopwiki.com/wiki/Vector",
  "cobray": "https://iopwiki.com/wiki/MAC-10",
  "baka": "https://iopwiki.com/wiki/Micro_Uzi",
  "erma": "https://iopwiki.com/wiki/MP40",
  "sterling": "https://iopwiki.com/wiki/Sten_MkII",
  "mp7": "https://iopwiki.com/wiki/MP7",
  "m45": "https://iopwiki.com/wiki/m45",
  "coal": "https://iopwiki.com/wiki/PP-19",
  "vityaz": "https://iopwiki.com/wiki/PP-19-01",
  "pm9": "https://iopwiki.com/wiki/PM-9",
  "fmg9": "https://iopwiki.com/wiki/FMG-9"
}