{
  "ak74": "AK-74M",
  "akm": "AK-47",
  "ak5": "Ak_5",
  "flint": "AK-12",
  "amcar": "ST_AR-15",
  "m16": "M16A1",
  "tecci": "HK416",
  "new_m4": "M4_SOPMOD_II",
  "sub2000": "SUB-2000",
  "famas": "FAMAS",
  "s552": "SIG-556",
  "fal": "FAL",
  "ching": "M1_Garand",
  "galil": "Galil",
  "g3": "G3",
  "akm_gold": "AK-47",
  "g36": "G36",
  "contraband": "G28",
  "vhs": "VHS",
  "new_m14": "M14",
  "l85a2": "L85A1",
  "aug": "AUG",
  "corgi": "F2000",
  "asval": "AS_Val",
  "komodo": "TAR-21",
  "groza": "OTs-14",
  "shak12": "ASh-12.7",
  "hk21": "HK21",
  "mg42": "MG42",
  "m249": "M249_SAW",
  "par": "Mk48",
  "rpk": "RPK-16",
  "m60": "M60",
  "lemming": "Five-seveN",
  "sparrow": "Jericho",
  "b92fs": "M9",
  "c96": "C96",
  "glock_17": "Glock_17",
  "packrat": "P30",
  "colt_1911": "M1911",
  "deagle": "Desert_Eagle",
  "ppk": "PPK",
  "usp": "USP_Compact",
  "hs2000": "HS2000",
  "breech": "P08",
  "p226": "P226",
  "legacy": "P7",
  "czech": "CZ75",
  "stech": "Stechkin",
  "m1911": "M1911",
  "type54": "Tokarev",
  "boot": "M1887",
  "saiga": "Saiga-12",
  "benelli": "M1014",
  "spas12": "SPAS-12",
  "ksg": "KSG",
  "r870": "M870",
  "aa12": "AA-12",
  "m1897": "M1897",
  "m590": "M590",
  "m37": "M37",
  "rota": "Six12",
  "serbu": "Super-Shorty",
  "tti": "Super_SASS",
  "desertfox": "SRS",
  "siltstone": "SVD",
  "wa2000": "WA2000",
  "mosin": "Mosin-Nagant",
  "r93": "R93",
  "m95": "M82A1",
  "qbu88": "QBU-88",
  "m134": "Yurine",
  "tec9": "TEC-9",
  "m1928": "Thompson",
  "scorpion": "Skorpion",
  "mp5": "MP5",
  "hajk": "CZ-805",
  "sr2": "SR-2",
  "schakal": "UMP45",
  "p90": "P90",
  "akmsu": "AK-74U",
  "polymer": "Vector",
  "cobray": "MAC-10",
  "baka": "Micro_Uzi",
  "erma": "MP40",
  "sterling": "Sten_MkII",
  "mp7": "MP7",
  "m45": "m45",
  "coal": "PP-19",
  "vityaz": "PP-19-01",
  "pm9": "PM-9",
  "fmg9": "FMG-9"
}