<table name="Change Weapon Texture After Killing">
	<AssetUpdates id="Change Weapon Texture After Killing" version="3">
        <custom_provider 
			version_api_url="https://drnewbie.github.io/Mess/UpdateProvider/Change%20Weapon%20Texture%20After%20Killing.txt" 
			download_url="https://drnewbie.github.io/Mess/UpdateProvider/Change%20Weapon%20Texture%20After%20Killing.zip"
		/>
    </AssetUpdates>
	<Hooks directory="hooks">
		<hook file="fpcameraplayerbase.lua" source_file="lib/units/cameras/fpcameraplayerbase"/>
		<hook file="playermanager.lua" source_file="lib/managers/playermanager"/>
	</Hooks>
	<Package id="packages/bloody_ak5_body_test0000" directory="assets">
		<material_config path="textures/memes/weapons/ak5/bloody/bloody_ak5_body_ak5"/>
		<material_config path="textures/memes/weapons/ak5/bloody/bloody_ak5_body_ak5_cc"/>
		<texture path="textures/memes/weapons/ak5/bloody/bloody_ak5_body_ak5_df"/>
		<texture path="textures/memes/weapons/ak5/bloody/bloody_ak5_body_ak5_df_cc"/>
	</Package>
</table>