{
  "HeavySecurity_menu_title": "Heavy Security",
  "HeavySecurity_menu_desc": " ",
  "HeavySecurity_menu_enable_title": "Enable this Mod",
  "HeavySecurity_menu_enable_desc": " ",
  "HeavySecurity_menu_level_title": "Security Level",
  "HeavySecurity_menu_level_desc": " ",
  "HeavySecurity_menu_enemy_type_title": "Enemy Type",
  "HeavySecurity_menu_enemy_type_desc": " ",
  "HeavySecurity_menu_enemy_type_1": "Green Dozer",
  "HeavySecurity_menu_enemy_type_2": "Black Dozer",
  "HeavySecurity_menu_enemy_type_3": "Skull Dozer",
  "HeavySecurity_menu_enemy_type_4": "Cloaker",
  "HeavySecurity_menu_enemy_type_5": "Shield",
  "HeavySecurity_menu_enemy_type_6": "Taser",
  "HeavySecurity_menu_enemy_type_7": "Minigun Dozer",
  "HeavySecurity_menu_enemy_type_8": "Medic Dozer",
  "HeavySecurity_menu_enemy_type_9": "Sniper",
  "HeavySecurity_menu_enemy_type_10": "Random One",
  "HeavySecurity_menu_enemy_type_11": "Random All",
  "HeavySecurity_menu_enemy_type_12": "Themself",
  "HeavySecurity_menu_apply2allenemies_title": "Apply to All Enemies",
  "HeavySecurity_menu_apply2allenemies_desc": " ",
  "HeavySecurity_menu_apply2allcivilians_title": "Apply to All Civilians",
  "HeavySecurity_menu_apply2allcivilians_desc": " "
}