{
  "menu_id": "HeavySecurity_menu_id",
  "parent_menu_id": "blt_options",
  "title": "HeavySecurity_menu_title",
  "description": "HeavySecurity_menu_desc",
  "back_callback": "HeavySecurity_menu_back_callback",
  "items": [
    {
      "type": "toggle",
      "id": "HeavySecurity_menu_enable_id",
      "title": "HeavySecurity_menu_enable_title",
      "description": "HeavySecurity_menu_enable_desc",
      "callback": "HeavySecurity_menu_enable_callback",
      "value": "Enable",
      "default_value": true
    },
    {
      "type": "divider",
      "size": 24
    },
    {
      "type": "multiple_choice",
      "id": "HeavySecurity_menu_enemy_type_id",
      "title": "HeavySecurity_menu_enemy_type_title",
      "description": "HeavySecurity_menu_enemy_type_desc",
      "callback": "HeavySecurity_menu_enemy_type_callback",
      "items": [
        "HeavySecurity_menu_enemy_type_1",
        "HeavySecurity_menu_enemy_type_2",
        "HeavySecurity_menu_enemy_type_3",
        "HeavySecurity_menu_enemy_type_4",
        "HeavySecurity_menu_enemy_type_5",
        "HeavySecurity_menu_enemy_type_6",
        "HeavySecurity_menu_enemy_type_7",
        "HeavySecurity_menu_enemy_type_8",
        "HeavySecurity_menu_enemy_type_9",
        "HeavySecurity_menu_enemy_type_10",
        "HeavySecurity_menu_enemy_type_11",
        "HeavySecurity_menu_enemy_type_12"
      ],
      "value": "Enemy_Type",
      "default_value": 1
    },
    {
      "type": "slider",
      "id": "HeavySecurity_menu_level_id",
      "title": "HeavySecurity_menu_level_title",
      "description": "HeavySecurity_menu_level_desc",
      "callback": "HeavySecurity_menu_level_callback",
      "value": "Level",
      "default_value": 1,
      "max": 100,
      "min": 0,
      "step": 1
    },
    {
      "type": "divider",
      "size": 24
    },
    {
      "type": "toggle",
      "id": "HeavySecurity_menu_apply2allenemies_id",
      "title": "HeavySecurity_menu_apply2allenemies_title",
      "description": "HeavySecurity_menu_apply2allenemies_desc",
      "callback": "HeavySecurity_menu_apply2allenemies_callback",
      "value": "AllEnemies",
      "default_value": false
    },
    {
      "type": "toggle",
      "id": "HeavySecurity_menu_apply2allcivilians_id",
      "title": "HeavySecurity_menu_apply2allcivilians_title",
      "description": "HeavySecurity_menu_apply2allcivilians_desc",
      "callback": "HeavySecurity_menu_apply2allcivilians_callback",
      "value": "AllCivilians",
      "default_value": false
    },
    {
      "type": "divider",
      "size": 24
    },
    {
      "type": "slider",
      "id": "HeavySecurity_menu_addonfollower_id",
      "title": "HeavySecurity_menu_addonfollower_title",
      "description": "HeavySecurity_menu_addonfollower_desc",
      "callback": "HeavySecurity_menu_addonfollower_callback",
      "value": "AddonFollower",
      "default_value": 0,
      "max": 100,
      "min": 0,
      "step": 1
    }
  ]
}